{
  "career_end"  : 60,
  "fixed_time"  : 0.1,
  "grant_bonus" : 1.5,
  "grant_noise" : 0.1,
  "grant_pools" : 1,
  "grant_proportion"        : 0.3,
  "grant_slope"             : 2.0,
  "growing_pop"             : 0,
  "init_time"               : 0.5,
  "iterations"              : 100,
  "jobhunt_time"            : 0.3,
  "learning_type"           : "memory",
  "limited_funding"         : true,
  "manager_penalty"         : 0.00,
  "memory_size"             : 12,
  "mentored_pdrs"           : 1,
  "mentoring_bonus"         : 0.20,
  "newb_time"               : 0.4,
  "pdr_rq_counts"           : 1,
  "pop_size"                : 100,
  "postdoc_chance"          : 0.15,
  "prefix"                  : "runs/",
  "prob_reentry"            : 0.02,
  "random_seed"             : true,
  "reentry_range"           : 0.2,
  "research_slope"          : 2.0,
  "rq_counts"               : true,
  "run_length"              : 12,
  "runs"                    : 1,
  "seed"                    : 1234,
  "self_update_width"       : 0.1,
  "self_update_width_fixed" : true,
  "starting_grant_fund"     : 30,
  "use_postdocs"            : 1,
  "use_retirement"          : true,
  "weight_grant"            : 1.0,
  "write_output"            : true,
  "yearly_increase"         : 0.02,
  "fundinc"   : [ "Funding_Increase" ],
  "fundlim"   : [ "Funding_Limit" ],
  "growpop"   : [ "Growing_Pop" ],
  "pdrgrow"   : [ "Use_PDRs", "Growing_Pop" ],
  "prochan"   : [ "Promo_Chance" ],
  "rqpdrs"    : [ "RQ_counts", "Mentored_PDRs" ],
  "totrosack" : [ "Total_RO", "Mean_RO_all", "ROI_no_PDRs", "Total_Sacked" ],
  "usepdrs"   : [ "Use_PDRs" ],
  "bonus1"    : [ 0.30, 0.40, 0.50, 0.60 ],
  "bonus2"    : [ 0.30, 0.40, 0.50, 0.60, 0.70 ],
  "chance"    : [ 0.15, 0.25, 0.50, 0.75, 1.0 ],
  "grant"     : [ 10, 20, 30, 40, 50 ],
  "increase"  : [ 0.01, 0.02, 0.03, 0.04 ],
  "time1"     : [ 0.1, 0.3, 0.5, 0.7 ],
  "time2"     : [ 0.1, 0.3, 0.5, 0.7, 0.9 ]
}
